,enzyme_ul_ml_rxn,vmax
0,a,487.2600319675854
1,b,524.9204862524563
2,c,498.4097253017719
3,d,483.2433263265471
4,e,495.49928032140303
