,enzyme_ul_ml_rxn,vmax
0,a,958.4814321371489
1,b,363.36907266508206
2,c,198.28268326972292
3,d,120.99291179304575
4,e,64.05374675789396
