,enzyme_ul_ml_rxn,vmax
0,a,22.602023806946644
1,b,43.16511999387052
2,c,47.38729973724923
3,d,71.78094483022463
4,e,123.11169293821432
