,enzyme_ul_ml_rxn,vmax
0,a,76.44876537611017
1,b,76.01487839847513
2,c,77.93332132945258
3,d,85.96520947544478
4,e,81.14659336665896
