,enzyme_ul_ml_rxn,vmax
0,0.6,273.11844525559053
1,1.0,684.2734010659468
2,1.2,986.7633224565225
3,1.5,1364.0076282106609
4,3.0,3432.524498080092
